{
  "model": "mf_pl",
  "dataset": "support_groups_full_164_loo",
  "seed": 232,
  "epochs": 20,
  "val_hr": 0.04819277108433735,
  "val_ndcg": 0.022376190379919992,
  "val_auc": 0.48618717293416086,
  "val_epoch": 1,
  "test_hr": 0.07228915662650602,
  "test_ndcg": 0.039588383988970445,
  "test_auc": 0.48314470001216986
}