{
  "model": "mf_pl",
  "dataset": "support_groups_full_164_loo",
  "seed": 122,
  "epochs": 20,
  "val_hr": 0.06626506024096386,
  "val_ndcg": 0.0435102785077926,
  "val_auc": 0.4961664841182915,
  "val_epoch": 4,
  "test_hr": 0.03614457831325301,
  "test_ndcg": 0.023032926619203406,
  "test_auc": 0.46549835706462217
}