{
  "model": "mlp_pl",
  "dataset": "support_groups_full_164_loo",
  "seed": 42,
  "epochs": 20,
  "val_hr": 0.04819277108433735,
  "val_ndcg": 0.02606984816766372,
  "val_auc": 0.4955884142631135,
  "val_epoch": 1,
  "test_hr": 0.060240963855421686,
  "test_ndcg": 0.030623601502983502,
  "test_auc": 0.4940671778021173
}