{
  "model": "neumf_baseline",
  "dataset": "support_groups_full_164_loo",
  "seed": 232,
  "epochs": 20,
  "val_hr": 0.04216867469879518,
  "val_ndcg": 0.028111414910743704,
  "val_auc": 0.5003042472921992,
  "val_epoch": 1,
  "test_hr": 0.05421686746987952,
  "test_ndcg": 0.030623601502983495,
  "test_auc": 0.47566021662407193
}