{
  "model": "neumf_pl",
  "dataset": "support_groups_full_164_loo",
  "seed": 122,
  "epochs": 20,
  "val_hr": 0.05421686746987952,
  "val_ndcg": 0.040052483821550945,
  "val_auc": 0.5030424729219911,
  "val_epoch": 1,
  "test_hr": 0.060240963855421686,
  "test_ndcg": 0.037254683349334065,
  "test_auc": 0.4779116465863453
}