{
  "model": "mf_baseline",
  "dataset": "support_groups_full_164",
  "seed": 42,
  "epochs": 20,
  "val_hr": 0.045454545454545456,
  "val_ndcg": 0.028588678897493055,
  "val_auc": 0.44745747693377413,
  "val_epoch": 3,
  "test_hr": 0.05714285714285714,
  "test_ndcg": 0.03945513581632735,
  "test_auc": 0.5094067623493722
}