{
  "model": "mf_baseline",
  "dataset": "support_groups_full_164",
  "seed": 232,
  "epochs": 20,
  "val_hr": 0.030303030303030304,
  "val_ndcg": 0.02101292132173548,
  "val_auc": 0.4923781948805738,
  "val_epoch": 4,
  "test_hr": 0.014285714285714285,
  "test_ndcg": 0.014285714285714285,
  "test_auc": 0.49297591837115645
}