{
  "model": "mf_pl",
  "dataset": "support_groups_full_164",
  "seed": 62,
  "epochs": 20,
  "val_hr": 0.015151515151515152,
  "val_ndcg": 0.009559541720779658,
  "val_auc": 0.5376457024579134,
  "val_epoch": 1,
  "test_hr": 0.02857142857142857,
  "test_ndcg": 0.023298996479592247,
  "test_auc": 0.4566050006064941
}