{
  "model": "mf_pl",
  "dataset": "support_groups_full_164",
  "seed": 122,
  "epochs": 20,
  "val_hr": 0.06060606060606061,
  "val_ndcg": 0.029238390575539456,
  "val_auc": 0.46205433421468367,
  "val_epoch": 2,
  "test_hr": 0.04285714285714286,
  "test_ndcg": 0.03409789724620774,
  "test_auc": 0.536621307821452
}