{
  "model": "mf_pl",
  "dataset": "support_groups_full_164",
  "seed": 52,
  "epochs": 20,
  "val_hr": 0.030303030303030304,
  "val_ndcg": 0.024711056872294808,
  "val_auc": 0.482654649687432,
  "val_epoch": 1,
  "test_hr": 0.014285714285714285,
  "test_ndcg": 0.014285714285714285,
  "test_auc": 0.49666189042193754
}