{
  "model": "mf_pl",
  "dataset": "support_groups_full_164",
  "seed": 232,
  "epochs": 20,
  "val_hr": 0.030303030303030304,
  "val_ndcg": 0.021676917546566563,
  "val_auc": 0.46832127559901987,
  "val_epoch": 1,
  "test_hr": 0.04285714285714286,
  "test_ndcg": 0.03571428571428571,
  "test_auc": 0.5102450782779379
}