{
  "model": "mlp_pl",
  "dataset": "support_groups_full_164",
  "seed": 232,
  "epochs": 20,
  "val_hr": 0.0,
  "val_ndcg": 0.0,
  "val_auc": 0.14498513423726844,
  "val_epoch": 20,
  "test_hr": 0.0,
  "test_ndcg": 0.0,
  "test_auc": 0.15281307563182941
}