{
  "model": "mlp_baseline",
  "dataset": "support_groups_full_164",
  "seed": 52,
  "epochs": 20,
  "val_hr": 0.030303030303030304,
  "val_ndcg": 0.011722812340440654,
  "val_auc": 0.36296848295342604,
  "val_epoch": 2,
  "test_hr": 0.0,
  "test_ndcg": 0.0,
  "test_auc": 0.3608542620415585
}