{
  "model": "neumf_pl",
  "dataset": "support_groups_full_164",
  "seed": 232,
  "epochs": 20,
  "val_hr": 0.045454545454545456,
  "val_ndcg": 0.01929856991619823,
  "val_auc": 0.5017142549336379,
  "val_epoch": 1,
  "test_hr": 0.07142857142857142,
  "test_ndcg": 0.039886138203145426,
  "test_auc": 0.49927436678889153
}