{
  "model": "neumf_pl",
  "dataset": "support_groups_full_164",
  "seed": 42,
  "epochs": 20,
  "val_hr": 0.015151515151515152,
  "val_ndcg": 0.009559541720779658,
  "val_auc": 0.4960497086972721,
  "val_epoch": 1,
  "test_hr": 0.05714285714285714,
  "test_ndcg": 0.03659362671368606,
  "test_auc": 0.49013328105482845
}