{
  "model": "neumf_baseline",
  "dataset": "support_groups_full_164",
  "seed": 62,
  "epochs": 20,
  "val_hr": 0.045454545454545456,
  "val_ndcg": 0.032286814448052384,
  "val_auc": 0.45960109708379326,
  "val_epoch": 1,
  "test_hr": 0.04285714285714286,
  "test_ndcg": 0.032951051376896134,
  "test_auc": 0.46718724574343967
}